timestamp,hash_rate,market_price,daily_transaction_fees
2009-01-25,5.681173671957674e-06,0.0,0.0
2009-02-01,6.345160844867725e-06,0.0,0.0
2009-02-08,6.043348493544972e-06,0.0,0.1640816326530612
2009-02-15,6.359363779047617e-06,0.0,0.1640816326530612
2009-02-22,6.178276368253967e-06,0.0,0.0
2009-03-01,5.755739076402115e-06,0.0,0.0
2009-03-08,5.3154481168253925e-06,0.0,0.0
2009-03-15,5.528492129523809e-06,0.0,0.0
2009-03-22,5.7805942112169315e-06,0.0,0.0
2009-03-29,5.407767188994707e-06,0.0,0.0
2009-04-05,5.713130273862433e-06,0.0,0.0
2009-04-12,5.563999464973543e-06,0.0,0.0
2009-04-19,5.631463402328041e-06,0.0,0.0
2009-04-26,5.787695678306878e-06,0.0,0.0
2009-05-03,5.695376606137563e-06,0.0,0.0
2009-05-10,6.064652894814812e-06,0.0,0.004285714285714286
2009-05-17,5.375810587089946e-06,0.0,0.012857142857142859
2009-05-24,5.947478687830686e-06,0.0,0.004081632653061225
2009-05-31,4.452619865396822e-06,0.0,0.0
2009-06-07,4.317691990687827e-06,0.0,0.0
2009-06-14,2.6488472245502603e-06,0.0,0.0
2009-06-21,3.994575238095233e-06,0.0,0.0
2009-06-28,3.976821570370366e-06,0.0,0.0
2009-07-05,3.863198096931213e-06,0.0,0.0
2009-07-12,3.955517169100526e-06,0.0,0.0
2009-07-19,3.7673282912169274e-06,0.0,0.0
2009-07-26,2.8263839017989364e-06,0.0,0.011428571428571429
2009-08-02,2.080729857354493e-06,0.0,0.011428571428571429
2009-08-09,1.725656502857139e-06,0.0,0.005306122448979592
2009-08-16,3.7850819589417926e-06,0.0,0.015918367346938776
2009-08-23,1.7647145718518469e-06,0.0,0.0
2009-08-30,1.5339168914285667e-06,0.0,0.0
2009-09-06,3.6075452816931173e-06,0.0,0.0
2009-09-13,3.465515939894175e-06,0.0,0.0
2009-09-20,3.4619652063492015e-06,0.0,0.0
2009-09-27,3.444211538624333e-06,0.0,0.00979591836734694
2009-10-04,4.424213997037033e-06,0.0,0.0
2009-10-11,3.376747601269837e-06,0.0,0.0
2009-10-18,3.3128343974603133e-06,0.0,0.0
2009-10-25,4.047836241269838e-06,0.0,0.007346938775510205
2009-11-01,3.664357018412695e-06,0.0,0.012244897959183673
2009-11-08,2.6026876884656046e-06,0.0,0.0
2009-11-15,3.316385131005285e-06,0.0,0.0
2009-11-22,4.1792133824338556e-06,0.0,0.0
2009-11-29,4.367402260317453e-06,0.0,0.0
2009-12-06,3.9271113007407345e-06,0.0,0.022448979591836733
2009-12-13,4.406460329312163e-06,0.0,0.013469387755102041
2009-12-20,6.330957910687821e-06,0.0,0.0
2009-12-27,9.0046602700529e-06,0.0,0.0
2010-01-03,8.11686062391546e-06,0.0,0.0
2010-01-10,9.259853044762036e-06,0.0,0.0
2010-01-17,9.735155981173247e-06,0.0,0.015918367346938776
2010-01-24,8.71178443116339e-06,0.0,0.02653061224489796
2010-01-31,1.0364504235188831e-05,0.0,0.0
2010-02-07,1.347160128614116e-05,0.0,0.0
2010-02-14,1.8005868400730734e-05,0.0,0.026938775510204082
2010-02-21,2.089426746828766e-05,0.0,0.044897959183673466
2010-02-28,2.7487880183990027e-05,0.0,0.0
2010-03-07,3.2474642525122274e-05,0.0,0.0
2010-03-14,3.220743090621344e-05,0.0,0.0
2010-03-21,2.992491497488779e-05,0.0,0.0
2010-03-28,3.7013275533964954e-05,0.0,0.0
2010-04-04,4.453170259375832e-05,0.0,0.0
2010-04-11,5.2232488761658544e-05,0.0,0.037142857142857144
2010-04-18,6.909629973343362e-05,0.0,0.005306122448979592
2010-04-25,8.453344449927267e-05,0.0,0.0
2010-05-02,9.145068785343586e-05,0.0,0.0
2010-05-09,9.146750264347518e-05,0.0,0.0
2010-05-16,8.622940843783983e-05,0.0,0.27387755102040817
2010-05-23,8.165403788385662e-05,0.0,1.0573469387755101
2010-05-30,0.00011613283607057777,0.0,0.14142857142857138
2010-06-06,0.00012257649278500396,0.0,-6.344131569286608e-17
2010-06-13,0.00012462895190756118,0.0,-6.344131569286608e-17
2010-06-20,0.0001339295308839518,0.0,-6.344131569286608e-17
2010-06-27,0.00014329951870273202,0.0,-6.344131569286608e-17
2010-07-04,0.00016420342525620078,0.0,0.0838775510204081
2010-07-11,0.0001839630601014567,0.0,0.1397959183673469
2010-07-18,0.0005015754494120259,0.0,0.020204081632652998
2010-07-25,0.001867118216022407,0.0,0.2157142857142857
2010-08-01,0.0020235839063502655,0.0,0.6753061224489796
2010-08-08,0.0025615199902460427,0.0,0.480612244897959
2010-08-15,0.0031042819794066395,0.0,0.6628571428571427
2010-08-22,0.00418547766315071,0.015000000000000001,0.4465306122448977
2010-08-29,0.004971524232535402,0.07,0.2310204081632651
2010-09-05,0.005249309735002596,0.06714285714285714,0.16530627755102018
2010-09-12,0.005134171046371426,0.06142857142857143,0.045306222448979354
2010-09-19,0.006108049274851469,0.06857142857142856,0.02935544448979568
2010-09-26,0.008715935555230678,0.06857142857142856,0.02649826081632629
2010-10-03,0.010202540714949835,0.06,0.08775511224489772
2010-10-10,0.009401933671653512,0.06,0.12958999612244876
2010-10-17,0.010866461036291096,0.09714285714285716,0.029047129591836526
2010-10-24,0.016950929218897223,0.10500000000000001,0.03027148591836714
2010-10-31,0.021564086472219055,0.14000000000000004,0.00732307653061204
2010-11-07,0.026163836921136722,0.19571428571428573,0.002040816326530408
2010-11-14,0.03762820495954142,0.3014285714285715,0.06775510204081611
2010-11-21,0.048859545937730745,0.2835714285714286,0.09714285714285693
2010-11-28,0.052604858198255965,0.2857142857142857,0.37714285714285695
2010-12-05,0.06435304704161317,0.27785714285714286,0.20246749530612226
2010-12-12,0.08913407237058865,0.24571428571428566,0.032564997755101854
2010-12-19,0.1006299313219329,0.23428571428571424,0.0972118099999998
2010-12-26,0.1082182727188701,0.2571428571428571,0.1026763018367345
2011-01-02,0.1122259804038502,0.26357142857142857,0.0939073961224488
2011-01-09,0.12377391528613646,0.29714285714285704,0.13120205367346924
2011-01-16,0.1340732651489831,0.3364285714285713,0.13261270122448962
2011-01-23,0.15299968457086247,0.39999999999999986,0.10065193510204064
2011-01-30,0.1584319211958517,0.41142857142857137,0.1785826677551019
2011-02-06,0.17390612870061992,0.5435714285714286,0.5676887906122446
2011-02-13,0.2142852699524773,0.9199999999999999,0.28963121734693864
2011-02-20,0.2590261934781887,1.0585714285714285,0.6856960553061224
2011-02-27,0.341079309304963,1.0092857142857141,0.476444713877551
2011-03-06,0.487663079014688,0.9549999999999998,0.4351863277551019
2011-03-13,0.585138739156259,0.9192857142857139,2.8168376781632634
2011-03-20,0.47073905955011386,0.9042857142857139,2.671358036122448
2011-03-27,0.49130007594425684,0.8507142857142854,3.887271163469388
2011-04-03,0.5511970330900686,0.8542857142857139,6.495558315714283
2011-04-10,0.6258682189688596,0.7842857142857138,3.9334297442857094
2011-04-17,0.6824322869074056,0.7971428571428568,4.7389295104081555
2011-04-24,0.6796857637011335,1.0357142857142854,5.159253274081627
2011-05-01,0.786636151889641,1.637857142857143,5.531224341428564
2011-05-08,1.0291969593489683,3.355714285714285,8.138777944081625
2011-05-15,1.2901019680834163,4.001428571428571,7.9042203126530515
2011-05-22,1.7473473986441719,7.177857142857142,11.753838892040813
2011-05-29,3.0344906266335268,7.457857142857142,18.09962068306122
2011-06-05,3.759060041672553,9.415714285714284,17.848284578979584
2011-06-12,4.94823695859516,16.335714285714282,27.04813734428571
2011-06-19,6.894041342864439,26.52428571428571,37.619097135714284
2011-06-26,10.060771146411344,18.424285714285713,29.317875287959176
2011-07-03,11.572000941138915,17.077142857142853,20.191728243877545
2011-07-10,11.429934849369147,16.379999999999995,17.2350995055102
2011-07-17,11.54158181610049,15.427142857142854,14.280676646122446
2011-07-24,12.459944935563733,14.196428571428571,13.329857473877547
2011-07-31,13.508821010144505,14.151428571428571,10.58625476530612
2011-08-07,14.232809239908475,13.912857142857147,7.635663113061221
2011-08-14,13.138186917120386,11.650000000000002,9.131811543469386
2011-08-21,12.725307389303316,10.855714285714289,8.128128716122447
2011-08-28,13.419400377926468,11.392142857142856,7.12364087938775
2011-09-04,12.254607779022535,9.901428571428571,6.106215675714282
2011-09-11,12.614697088282655,8.59,6.502108460408159
2011-09-18,12.250131567803752,6.884285714285717,5.973501537959179
2011-09-25,12.223006285921215,5.665714285714288,5.2128219389795865
2011-10-02,11.91758695496246,5.610000000000004,4.617889928775505
2011-10-09,11.19227274729107,5.16071428571429,4.437683697959179
2011-10-16,10.299212174201795,4.600000000000005,4.776519583673466
2011-10-23,9.011812870153765,3.6092857142857198,3.85402698408163
2011-10-30,8.361925889431673,2.9614285714285766,3.378165604897956
2011-11-06,8.328288638520842,3.3350000000000057,3.2766131687755076
2011-11-13,8.529252573663264,3.1892857142857194,3.3573711426530584
2011-11-20,8.60166700166955,2.912857142857148,2.9726515761224457
2011-11-27,7.909563614308019,2.425714285714292,3.257659291224487
2011-12-04,7.709489286370942,2.5528571428571496,3.577085548367344
2011-12-11,8.30713122623423,3.0285714285714356,3.936366581836731
2011-12-18,7.780085678686219,3.2071428571428635,45.25231487510204
2011-12-25,8.046619848660997,3.511428571428578,12.052394728571423
2012-01-01,8.686007666455069,4.046428571428577,3.3681858371428506
2012-01-08,8.789093628328096,4.97571428571429,4.728803181224483
2012-01-15,9.411903633790367,6.825714285714293,8.175596741836726
2012-01-22,9.37961895864113,6.978571428571435,17.39128883244897
2012-01-29,9.405209071706068,6.6150000000000055,13.898437742653059
2012-02-05,9.9507953943728,5.928571428571434,28.77046879489796
2012-02-12,9.861817629583548,5.8878571428571504,8.569891411632662
2012-02-19,9.934686177704434,5.787142857142864,5.824561950816334
2012-02-26,10.281451247618694,4.825000000000008,5.224686448571435
2012-03-04,10.695732588052195,4.930714285714293,3.959402767755108
2012-03-11,10.792492406373064,4.959285714285719,4.3976222655102095
2012-03-18,11.555618974672168,5.058571428571433,4.538963554081638
2012-03-25,11.456627791746858,5.272142857142862,5.141660860408169
2012-04-01,11.697390406907614,4.829285714285719,5.774527828571435
2012-04-08,11.10887588635649,4.938571428571435,4.387074067346944
2012-04-15,11.054226628935412,4.904285714285721,4.598176420000006
2012-04-22,10.632477554867023,4.968571428571435,5.345495285714292
2012-04-29,11.227911690695606,5.222142857142864,5.689328175510211
2012-05-06,12.06417856091323,5.100000000000007,6.736377756326539
2012-05-13,12.79604295144197,5.135714285714293,9.330413363673477
2012-05-20,11.734342447119452,5.063571428571436,14.515200965306132
2012-05-27,11.22818360256707,5.133571428571435,18.974327697551026
2012-06-03,11.179585970632179,5.172142857142863,17.430384204489798
2012-06-10,12.055997233303685,5.290000000000006,17.736944281632653
2012-06-17,12.13320715754579,5.592142857142862,19.767592829999995
2012-06-24,12.27800380776548,6.325000000000005,28.223552052040816
2012-07-01,12.39602831030156,6.607857142857149,20.443301605510207
2012-07-08,12.534480552513617,6.682857142857148,15.078441323061229
2012-07-15,13.405887086678888,6.8357142857142925,17.421298663673472
2012-07-22,13.321176480706585,8.021428571428576,17.47683320530613
2012-07-29,14.268056336296132,9.176428571428577,22.331842819183684
2012-08-05,15.399649853477944,9.030000000000006,19.140999797142864
2012-08-12,15.678274336992123,10.513571428571431,22.349105918979596
2012-08-19,16.846402095849882,11.929285714285715,27.01265429734695
2012-08-26,17.798261705130084,12.072857142857147,24.845412809183678
2012-09-02,18.374648902671417,10.811428571428577,23.961854824693884
2012-09-09,19.36270666455915,10.825000000000003,28.66623704020409
2012-09-16,20.251175798946548,11.105000000000004,24.993409691632653
2012-09-23,21.355099367204602,11.96571428571429,19.542311307551017
2012-09-30,21.94642792222307,12.432857142857145,22.030924276938773
2012-10-07,21.693098804198883,12.48785714285715,25.954843118571432
2012-10-14,21.784735581709093,12.648571428571437,38.998263805510206
2012-10-21,22.499671465661308,12.065714285714295,24.443863085306134
2012-10-28,23.323433094882198,11.905714285714295,25.511568124081645
2012-11-04,24.282843708202513,11.277142857142863,18.868964385306136
2012-11-11,24.404409305408294,10.946428571428582,22.312618548979607
2012-11-18,23.76794496321699,11.127857142857152,22.68567989020409
2012-11-25,24.23419043895829,11.63142857142858,26.09488492408164
2012-12-02,25.567067117230273,12.28285714285715,32.50653366959184
2012-12-09,24.848671534997425,12.808571428571433,29.61045989734694
2012-12-16,22.314614113376557,13.60071428571429,27.52102588673469
2012-12-23,20.774048096928446,13.67714285714286,31.807386419387758
2012-12-30,22.0825129229083,13.539285714285718,32.25769165489796
2013-01-06,23.106450574534787,13.539285714285718,31.293137554081635
2013-01-13,22.27272637189484,13.695,40.30388959306123
2013-01-20,21.045831321425055,14.30571428571429,48.338707941632656
2013-01-27,21.680436980788187,15.824285714285717,38.766851301428574
2013-02-03,22.535003372135584,18.61214285714286,41.94929904306122
2013-02-10,24.893212493768,21.14714285714286,50.093436334285705
2013-02-17,24.632979599764067,23.52571428571429,46.56915860408163
2013-02-24,29.09801824121083,26.78214285714285,49.26765632489795
2013-03-03,31.852277044556182,30.18642857142857,51.585027748163256
2013-03-10,34.19178776046266,36.42357142857143,62.87625526183673
2013-03-17,34.46136204464808,44.88571428571429,65.6209631887755
2013-03-24,42.716280282810715,49.44071428571429,49.41961075469387
2013-03-31,53.62290774847018,70.67142857142858,49.65596431632654
2013-04-07,58.214094430833754,103.43428571428572,56.98781225571429
2013-04-14,61.82513902987877,161.57428571428574,56.85804300673471
2013-04-21,65.49552260979308,126.15642857142859,56.50059540816328
2013-04-28,71.3294195970817,117.02857142857144,53.15665860693879
2013-05-05,74.99667577813528,131.97285714285715,46.21774699551023
2013-05-12,78.78366499259288,110.0257142857143,47.04656466000002
2013-05-19,85.69773744755469,114.5557142857143,57.12864336510206
2013-05-26,84.05380524855852,120.94714285714284,54.147395329591845
2013-06-02,100.68262316859614,129.685,46.635867432449
2013-06-09,123.88331782075822,126.48142857142855,49.218289635306135
2013-06-16,135.6089992253859,113.43500000000002,44.44288855469389
2013-06-23,142.95294821228907,103.88428571428574,37.28603083632655
2013-06-30,154.54663761364515,105.6421428571429,42.450770308979635
2013-07-07,168.59542487969742,95.81571428571431,32.48980851551024
2013-07-14,193.36311222005077,79.13142857142859,28.683123651020445
2013-07-21,214.06895562390832,91.97857142857143,30.4974461759184
2013-07-28,243.4843925843257,93.23714285714287,27.92998736836739
2013-08-04,267.91812547360365,98.51857142857145,29.896346992449022
2013-08-11,317.462411830292,104.79500000000002,34.98862945673473
2013-08-18,396.96060438859297,104.08142857142857,36.42791492775513
2013-08-25,480.20596979046195,102.94714285714288,40.09101305897962
2013-09-01,540.642312281752,111.37428571428573,44.23513360551025
2013-09-08,660.1277750354529,122.61357142857145,61.80706304285718
2013-09-15,766.1094253698272,122.26357142857145,29.494791377551056
2013-09-22,971.1909603899487,126.2471428571429,51.98725914755105
2013-09-29,1188.3556169366873,123.87000000000002,74.00807216428575
2013-10-06,1308.0314460477225,123.79714285714287,36.2700731495919
2013-10-13,1576.9832180542587,121.935,28.755376072449035
2013-10-20,2244.3853785264873,134.73857142857142,30.833011229387818
2013-10-27,2753.06018355295,169.88285714285715,38.30772479469393
2013-11-03,3355.7764957999807,193.2728571428571,41.845898502857196
2013-11-10,3796.169082593638,221.88785714285711,45.33435517673474
2013-11-17,4373.976792715272,337.2042857142857,68.29889708285715
2013-11-24,4837.318485408744,477.0671428571428,25.482293866530615
2013-12-01,5025.064805212207,747.7535714285714,23.143643606122446
2013-12-08,6056.30671706618,1028.132857142857,23.285309452653056
2013-12-15,7287.256233237983,886.4635714285713,20.718971987346936
2013-12-22,8450.317119995249,816.2871428571425,15.572150917551017
2013-12-29,9528.534057979141,653.7771428571425,14.194293156938775
2014-01-05,10265.483951526616,719.453571428571,12.072779818163266
2014-01-12,12584.095291910362,833.0199999999995,13.874447835510205
2014-01-19,14567.21301322149,840.2299999999996,13.673273978775509
2014-01-26,15574.154958443585,819.9199999999995,14.162813242653057
2014-02-02,17577.49128323832,800.6471428571424,14.071923196938771
2014-02-09,20184.341106601132,794.3149999999996,13.035401194897956
2014-02-16,21315.11098354659,712.4185714285712,13.511448152040813
2014-02-23,24430.731078255834,648.8814285714284,14.861997241428567
2014-03-02,27949.813390059117,594.5657142857141,14.56350908591836
2014-03-09,29247.736815545984,610.4735714285712,14.662081066734688
2014-03-16,31676.67003150208,642.1999999999997,14.399634136122446
2014-03-23,33318.5238423003,631.4292857142855,13.449534805918365
2014-03-30,39000.95589803874,575.1392857142857,13.94556644510204
2014-04-06,44156.81656942445,483.5164285714286,12.480494344285715
2014-04-13,47918.96444822329,451.9757142857143,12.974085190408159
2014-04-20,51334.39602396569,440.0692857142857,14.15217408163265
2014-04-27,56787.17504347612,497.3621428571429,13.477892597551019
2014-05-04,58628.72768548368,460.5092857142857,12.621763928979593
2014-05-11,62954.26662221349,443.66571428571416,12.134043433061223
2014-05-18,67031.40107925725,442.1349999999999,12.650202257142853
2014-05-25,74755.0987733647,458.6085714285713,11.544629288571429
2014-06-01,78517.29886186405,552.9257142857141,12.082325048163266
2014-06-08,87244.86914654785,622.9514285714284,11.696941452653062
2014-06-15,89086.69101073264,651.453571428571,11.019595617142858
2014-06-22,105756.35451513401,600.5549999999995,11.213544704897965
2014-06-29,120652.33587189621,590.9035714285709,10.849622360000003
2014-07-06,120899.20990801525,600.761428571428,10.692761908571432
2014-07-13,123675.71905339207,631.3392857142851,10.78083511714286
2014-07-20,132806.7971917364,626.9842857142853,10.895472995510206
2014-07-27,135074.1557177993,621.7771428571425,11.13581426244898
2014-08-03,138928.45083802432,598.9014285714283,10.303584510612243
2014-08-10,142303.6306151367,586.0178571428567,10.445750523673468
2014-08-17,162509.38508325253,576.7399999999996,11.08212379795918
2014-08-24,177330.86550790654,511.6799999999995,15.884412379999999
2014-08-31,188128.00704139346,510.628571428571,12.056400995510204
2014-09-07,204895.14651604928,498.0249999999995,10.65517921285714
2014-09-14,214164.47988232196,478.1421428571424,11.95899797408163
2014-09-21,242148.0359445351,463.2978571428566,11.650089793469391
2014-09-28,246999.45618393578,418.2814285714281,13.086348517959186
2014-10-05,241792.93229206774,401.33714285714234,16.22001119591837
2014-10-12,262634.11318647634,352.0435714285709,12.182951283673473
2014-10-19,255494.54902515217,374.9542857142852,12.32086323836735
2014-10-26,257517.45724535154,387.0885714285709,12.02082770938776
2014-11-02,266505.402326091,361.6828571428566,12.433908843469391
2014-11-09,290196.2291408044,336.1392857142853,13.408597478163268
2014-11-16,289400.21237624856,366.2192857142852,13.792629982653066
2014-11-23,289233.9732779993,395.7057142857138,13.302945576938779
2014-11-30,282437.6248456142,366.9249999999995,12.527419525510208
2014-12-07,288455.47991279274,374.75499999999965,12.439706290408166
2014-12-14,281396.3112882769,366.44785714285683,12.78087432102041
2014-12-21,277008.94014638255,348.1914285714283,12.63307507081633
2014-12-28,278631.8460377086,328.16357142857123,13.64948635714286
2015-01-04,316553.6887293252,321.3914285714284,13.881255264897963
2015-01-11,317904.36061649316,290.64142857142826,13.929518077755104
2015-01-18,297101.57323095674,272.5657142857141,16.886289366326537
2015-01-25,310858.12608217786,216.4435714285712,15.414661919387763
2015-02-01,290769.8500680103,240.68999999999977,13.43322019081633
2015-02-08,319623.32065892755,230.33285714285694,12.46457548795919
2015-02-15,325949.8248362465,222.79571428571404,12.874499633673475
2015-02-22,331325.75776110403,233.47785714285686,14.576935020612252
2015-03-01,337422.0776195798,240.45428571428542,14.243807734489803
2015-03-08,343296.79048091394,259.60214285714255,14.43851834244899
2015-03-15,339864.72686120734,277.73999999999967,14.662763531836745
2015-03-22,333437.16843229905,285.02642857142826,14.068910599795926
2015-03-29,348291.864307971,262.79428571428537,14.91140680265307
2015-04-05,350839.52195103094,248.0842857142854,14.579671176122456
2015-04-12,345894.12911241356,253.90571428571397,15.996105247142864
2015-04-19,340607.65870353614,238.8292857142854,17.52493498469389
2015-04-26,344506.8333359661,225.4514285714282,14.858246266326542
2015-05-03,337935.8045977057,228.5699999999996,27.590683211224498
2015-05-10,336176.2561197099,234.27428571428533,16.85548559489797
2015-05-17,339183.868134373,238.92071428571393,15.544121066734702
2015-05-24,355787.64113650937,236.29285714285675,14.776218704285721
2015-05-31,338806.1572118668,236.30428571428536,14.877129104693884
2015-06-07,338914.824430182,230.97428571428534,20.160583564285723
2015-06-14,359332.6503558558,225.30928571428535,17.7155875157143
2015-06-21,363082.54188592295,234.38571428571393,18.185147187551035
2015-06-28,353594.62401285453,244.91428571428534,20.400030534285726
2015-07-05,354835.580269439,249.07428571428537,18.733920922040827
2015-07-12,368192.7089801399,260.2214285714282,26.720751475918373
2015-07-19,361983.6729909741,285.0849999999996,36.601969047346934
2015-07-26,375158.4090611241,279.53928571428537,29.177019462448982
2015-08-02,388594.54303437157,287.5728571428568,27.190922982857142
2015-08-09,382390.2412205663,286.2621428571425,31.23736331612245
2015-08-16,384834.4898115073,271.77428571428527,27.33954664346939
2015-08-23,379957.1411500467,252.46285714285673,23.736564250408158
2015-08-30,400765.3139901032,226.7542857142853,23.897978812857144
2015-09-06,410538.93437679874,226.76142857142816,24.73264761571429
2015-09-13,424975.6600635241,234.98928571428527,27.80626613
2015-09-20,428857.33679099276,233.76428571428528,29.15983556653061
2015-09-27,410138.50502978667,230.01714285714243,26.040749506938774
2015-10-04,448300.98280141264,233.38214285714244,25.350738808775507
2015-10-11,443745.6064128061,239.5871428571424,24.823141974897947
2015-10-18,432623.4622331362,248.2171428571424,24.340495141224473
2015-10-25,445335.41744571005,262.09285714285664,26.817833277959174
2015-11-01,451460.0027051535,278.88142857142816,28.03517908204081
2015-11-08,466526.8138085161,334.9999999999996,31.69950861061224
2015-11-15,473719.0214379078,369.4814285714282,30.513191682653062
2015-11-22,508302.0889758474,329.21999999999974,26.332579754489792
2015-11-29,541470.0791925046,325.9871428571426,25.502341230408167
2015-12-06,555687.7543625995,354.25357142857115,27.551911919387756
2015-12-13,620013.4589208305,391.51857142857114,31.811482315714297
2015-12-20,687573.3765520828,437.12285714285684,36.65829655857143
2015-12-27,702452.262960331,451.28499999999974,37.24975481081634
2016-01-03,765868.5812114201,433.96785714285693,33.12697633938778
2016-01-10,796581.587349072,435.3935714285712,28.43910267306124
2016-01-17,856438.8245841406,446.0628571428569,32.08838290897961
2016-01-24,808234.7250152394,406.5564285714284,36.03830339183675
2016-01-31,927127.467307788,392.08499999999987,43.95920242448982
2016-02-07,1030140.890953216,377.8928571428571,44.78246494816327
2016-02-14,1170902.949029092,376.54714285714283,43.35038604326532
2016-02-21,1172860.1903881943,387.59642857142853,40.9781109412245
2016-02-28,1122379.5217795223,423.65785714285715,43.39209768775511
2016-03-06,1145937.2089283422,427.25571428571436,49.0668632022449
2016-03-13,1182661.4746346704,411.47714285714295,54.241520192040824
2016-03-20,1181881.385178652,413.94642857142867,42.87404365204083
2016-03-27,1172613.0691681863,413.21785714285716,40.64807788346941
2016-04-03,1232476.1677112384,418.2750000000001,39.405219424081665
2016-04-10,1215680.0495082433,417.69857142857154,47.450735732653094
2016-04-17,1306161.4429457893,420.51428571428585,45.694762438775555
2016-04-24,1313001.5542596625,430.5314285714287,42.417842571020444
2016-05-01,1263772.8470358169,453.15428571428595,59.2146660836735
2016-05-08,1358823.5809783698,449.64714285714314,73.55591620897962
2016-05-15,1401163.7388783558,453.68714285714304,42.89112068877556
2016-05-22,1367296.119230289,453.82857142857165,48.883455627551065
2016-05-29,1489109.3082463937,446.34357142857147,54.68573305959186
2016-06-05,1375776.66173109,495.29428571428576,56.28223774367349
2016-06-12,1439442.015623958,556.1657142857143,52.45153340510206
2016-06-19,1467755.8964784257,633.6714285714286,55.88859335979594
2016-06-26,1541961.0676956973,707.5535714285713,73.55959880183676
2016-07-03,1524610.3304640572,638.2171428571427,66.96178607938779
2016-07-10,1559425.9255537498,666.7049999999998,56.59660084510207
2016-07-17,1526053.5633850521,657.5414285714285,52.36066865979594
2016-07-24,1484743.3057637592,666.042857142857,54.89279768428573
2016-07-31,1376627.8532701624,657.7714285714286,62.63550924877552
2016-08-07,1492715.164870135,634.1007142857145,71.30114557183676
2016-08-14,1540551.4730017772,581.5350000000003,72.406647222449
2016-08-21,1564398.0871609016,576.4385714285718,72.15597210673472
2016-08-28,1676441.7329387732,576.3000000000003,68.1170092336735
2016-09-04,1577781.0859892205,575.2957142857144,61.26761116530616
2016-09-11,1613937.6970454198,591.7635714285716,58.63699508285718
2016-09-18,1741885.23001518,612.1057142857142,58.37007534489799
2016-09-25,1690346.923926197,606.9014285714283,61.17084541714289
2016-10-02,1805130.4625455996,601.3592857142853,60.788206136530654
2016-10-09,1826129.4471856607,608.322857142857,64.76616724673472
2016-10-16,1843622.196774057,619.2564285714282,69.79914373367349
2016-10-23,1729409.123985647,636.3857142857136,69.06637037326531
2016-10-30,1849497.1266342096,641.4399999999994,77.58364369816329
2016-11-06,1864999.319864702,692.4078571428565,85.0667491197959
2016-11-13,1931500.2474847455,710.5564285714281,79.52751580061222
2016-11-20,2064937.9976172464,710.228571428571,77.60274754795917
2016-11-27,2019648.039006405,734.5078571428569,85.94648625367346
2016-12-04,2107800.891778626,735.9249999999997,108.77960639612242
2016-12-11,2136258.1137213437,757.5585714285712,104.90742371571424
2016-12-18,2209556.5563213034,771.398571428571,96.8001254340816
2016-12-25,2213925.7649366353,786.2071428571426,94.48506343469384
2017-01-01,2355009.897504079,889.7235714285713,94.93480329877548
2017-01-08,2451202.366749433,987.4664285714283,100.95110622775506
2017-01-15,2425095.33875336,945.4271428571425,115.65633163265302
2017-01-22,2687051.981642762,845.4814285714283,101.39903358530607
2017-01-29,2983839.52963442,901.2407142857141,107.95170548326527
2017-02-05,3067971.1151708197,934.517857142857,127.99971135959179
2017-02-12,3030498.4575872305,1018.5271428571425,147.30441067020402
2017-02-19,3102961.450611169,1010.687857142857,143.25252729816324
2017-02-26,3202497.673328739,1064.5749999999998,153.21359888591837
2017-03-05,3397697.014535336,1188.073571428571,196.85144395795922
2017-03-12,3334927.1811595457,1259.4571428571423,232.883291544898
2017-03-19,3437381.423375059,1204.2064285714282,233.34884810714289
2017-03-26,3607652.2436255207,1086.663571428571,238.06036978755108
2017-04-02,3571914.155464866,1015.4378571428567,213.821187327347
2017-04-09,3732651.814395701,1085.5157142857136,208.1921916918368
2017-04-16,3752843.996917052,1177.5085714285708,208.06342551020413
2017-04-23,3749245.994448013,1191.3857142857141,205.40216029265312
2017-04-30,3798404.146956623,1254.532857142857,212.77180973591837
2017-05-07,3881003.7613992137,1353.6085714285712,244.24800119183678
2017-05-14,4030388.2518339027,1544.2049999999995,279.2112381275511
2017-05-21,4291726.998867663,1753.7935714285707,321.130862694898
2017-05-28,4470773.592223103,2058.4085714285707,408.5445733240816
2017-06-04,4837084.425534403,2242.624285714285,484.4399068016327
2017-06-11,5165949.435406173,2473.9057142857137,511.3690952430612
2017-06-18,5017820.479648553,2760.9778571428565,458.23578134877556
2017-06-25,5101073.7551450785,2596.7485714285704,386.24870711306124
2017-07-02,5038931.948140614,2586.3371428571418,362.1957814183674
2017-07-09,5488176.208202884,2513.5092857142854,304.5064262585714
2017-07-16,5678706.69920563,2489.154285714286,222.357268925102
2017-07-23,6105245.574193459,2252.737857142857,230.00200036999993
2017-07-30,6404619.6045211395,2667.987142857143,191.76218854795914
2017-08-06,6378771.390573973,2708.1028571428574,154.06832468591833
2017-08-13,6623421.939283121,3090.110714285715,126.19063259857138
2017-08-20,6621872.344453685,3947.756428571429,222.72259533428567
2017-08-27,6372732.59288018,4148.308571428572,317.67339709836733
2017-09-03,5706013.545743316,4301.209285714285,398.1002988306122
2017-09-10,7474043.682138817,4592.537142857143,343.73869934489795
2017-09-17,7846857.158093632,4171.936428571429,201.59745872653065
2017-09-24,7714642.827621005,3735.4585714285718,143.26109481428574
2017-10-01,8082592.022953277,3801.063571428572,129.00742679551027
2017-10-08,8167644.817071464,4234.734285714287,130.36004870122454
2017-10-15,8583649.532003567,4679.757857142857,143.28839657040822
2017-10-22,9245168.605723055,5538.677142857142,185.83111745571435
2017-10-29,10353929.628135081,5795.8,180.22611201020413
2017-11-05,9605214.160341654,6044.95357142857,194.16006658163272
2017-11-12,9558087.004495338,7078.752142857142,264.3410404926531
2017-11-19,8361124.9175547445,6635.3442857142845,432.6566928359184
2017-11-26,10299830.611778405,7545.56357142857,411.98830453795927
2017-12-03,10736806.653580602,8891.152857142855,247.97118200612263
2017-12-10,12168188.287400005,11860.080714285712,239.7834093475512
2017-12-17,13082739.115663085,15707.274285714284,437.46910357448996
2017-12-24,13798221.780738708,17351.41642857143,628.713493584694
2017-12-31,13481371.14627342,15009.505000000001,943.8030058263269
2018-01-07,15117264.008464852,14372.275714285715,707.1188881773475
2018-01-14,15592706.54868646,15696.077142857146,699.9236013887761
2018-01-21,17109003.91567258,13761.297142857145,617.8237227679598
2018-01-28,19354743.65462187,11628.664999999999,465.36783953693913
2018-02-04,20053528.452386882,10816.122142857143,208.07494367591858
2018-02-11,22043211.735468682,8602.787142857142,162.83590062449002
2018-02-18,21511896.605574466,8312.727857142856,93.55593396734719
2018-02-25,22578558.122333396,10214.072857142854,55.98466116979619
2018-03-04,23609983.9162603,10277.804285714283,57.27432855857169
2018-03-11,24656663.69515837,11063.44714285714,44.410614788367624
2018-03-18,24641693.22749085,9598.161428571426,38.632817792245184
2018-03-25,24863416.40512395,8479.067857142854,32.676539571020704
2018-04-01,25019440.62826493,8245.694285714284,26.0976746987758
2018-04-08,26526747.478073098,7165.834285714283,23.85095740081663
2018-04-15,27501850.10684775,6886.551428571426,25.14353668020438
2018-04-22,28736247.660955314,7823.239285714282,27.435444872449274
2018-04-29,28966805.117507912,8813.666428571425,35.41237771489826
2018-05-06,29007915.362040572,9165.099999999993,49.686623202245194
2018-05-13,29690740.595485143,9500.43928571428,35.85618493612275
2018-05-20,30335208.083292868,8681.101428571423,31.982916978571733
2018-05-27,32060335.53496006,8141.217142857136,38.34831181081663
2018-06-03,34072425.972664125,7399.451428571423,27.105097208367646
2018-06-10,35439963.163025305,7504.857857142852,20.45325489224519
2018-06-17,35507288.183416225,7183.951428571423,20.93180079714315
2018-06-24,39106998.55779149,6532.766428571424,41.31281002449009
2018-07-01,38798076.90988413,6316.3571428571395,60.39807246530642
2018-07-08,36359842.853387214,6270.152857142853,26.270168050204372
2018-07-15,38375660.970829874,6587.132857142852,20.223018545714574
2018-07-22,37691831.98731983,6668.0799999999945,20.486925364898248
2018-07-29,42145481.84301064,7589.837142857136,23.378393894694174
2018-08-05,43258389.647149704,8008.787142857136,22.192943574490098
2018-08-12,46115584.33157195,7173.747142857137,20.482865987143157
2018-08-19,48248425.68458958,6328.933571428565,18.965151006122742
2018-08-26,48685790.79651558,6396.709999999994,22.077102726939064
2018-09-02,50301952.85192089,6657.641428571424,25.630503660408444
2018-09-09,48836410.67103864,7059.6428571428505,25.23582010040845
2018-09-16,50774504.2905177,6428.222142857136,23.402608757551302
2018-09-23,49447839.43928157,6415.557142857136,19.280165253061508
2018-09-30,52656065.24804926,6543.278571428564,18.658011289183953
2018-10-07,53916337.448549,6570.4278571428495,21.43704889530641
2018-10-14,51149010.78192547,6533.162857142848,18.712133879796205
2018-10-21,51935331.436494775,6397.505714285706,17.075832979796207
2018-10-28,50987805.478268325,6499.842857142849,16.6361785720411
2018-11-04,51137187.85507408,6428.948571428566,16.614160221428858
2018-11-11,48977363.24671182,6410.503571428566,17.181859188979878
2018-11-18,46938230.04053535,6414.169999999994,20.295465276734976
2018-11-25,43857338.19095369,5580.663571428566,33.159260325510495
2018-12-02,40184605.41006495,4205.574999999993,38.13687272714315
2018-12-09,36662589.069058806,3959.6885714285654,33.79824307897989
2018-12-16,35005336.7349416,3511.138571428565,25.01136630714316
2018-12-23,37376447.33399882,3412.366428571423,22.016390277143152
2018-12-30,40395291.05277352,3884.132142857138,22.84615091061254
2019-01-06,41965472.20385942,3817.5399999999954,16.758867124286006
2019-01-13,43172095.940355115,3938.2471428571375,18.17343761734723
2019-01-20,40737922.821098104,3747.0614285714237,20.927556122245193
2019-01-27,41492455.548656,3614.277142857137,20.140866432449275
2019-02-03,42458520.395321235,3520.5921428571373,21.692310045714578
2019-02-10,43481139.78688107,3467.438571428566,21.267695590612533
2019-02-17,44036369.12103767,3556.0378571428514,21.012754252857437
2019-02-24,43992681.37649274,3717.3621428571378,27.28455345693907
2019-03-03,43543895.96123557,3907.2207142857087,33.161729326734985
2019-03-10,43291490.9583342,3823.8828571428508,30.206706949592128
2019-03-17,42487148.5876285,3878.6342857142804,30.765179591632943
2019-03-24,46653621.32402091,3964.8528571428515,27.436469078979883
2019-03-31,45864678.47919376,4007.8514285714227,27.33510672306151
2019-04-07,45573956.52319909,4209.348571428566,61.70878562306151
2019-04-14,46160229.987143815,4931.466428571423,110.03605285612274
2019-04-21,44855049.362565696,5149.942142857139,91.08709028755132
2019-04-28,44931481.500496864,5310.554285714283,75.57226659306153
2019-05-05,48183714.41204215,5290.649999999996,78.86126180204111
2019-05-12,47786847.95655922,5563.552142857139,74.60086755081662
2019-05-19,49070691.26975204,6898.742857142852,116.07159701653094
2019-05-26,51679252.981829554,7845.807857142854,168.67243277326565
2019-06-02,53373868.45946839,8259.327142857137,167.01494547326556
2019-06-09,52619786.87389173,8428.233571428565,172.86574928795946
2019-06-16,55038254.03601549,7920.669285714279,117.05664649816352
2019-06-23,53826789.16704399,8960.900714285706,101.54641249163288
2019-06-30,57195336.552052476,10469.919999999995,117.84162965408187
2019-07-07,62391453.324209854,11530.907142857137,137.57805644897982
2019-07-14,66286135.44962432,11443.601428571423,79.30524923632674
2019-07-21,64948152.20019902,10927.78214285714,62.702486594285936
2019-07-28,64609474.1220631,10338.402857142853,56.2228357404084
2019-08-04,70418314.25575507,9830.591428571424,45.69039777469412
2019-08-11,73158422.18278351,10817.279999999995,42.589917311836984
2019-08-18,73144304.79912542,11234.776428571422,52.63555785408187
2019-08-25,72283871.8608038,10412.644285714281,48.073037626326766
2019-09-01,76548293.88309619,10273.793571428567,38.41497615428596
2019-09-08,80175961.90734343,9985.846428571425,30.924556179183924
2019-09-15,87386010.12172975,10397.106428571426,32.06514098265331
2019-09-22,90214468.3326224,10295.875714285712,29.036462389183924
2019-09-29,92835234.2645177,9891.66,30.714423551020662
2019-10-06,91507429.79392637,8351.785714285714,33.11094208285739
2019-10-13,96416434.25626314,8227.860714285713,29.594645002857394
2019-10-20,94440182.24777238,8364.574285714285,25.148272466122705
2019-10-27,97631617.66677183,8052.414999999998,23.691445783877803
2019-11-03,92315994.45882484,8790.835,33.14108191367372
2019-11-10,91273672.55361474,9248.109285714283,35.49303925428597
2019-11-17,90699368.88504884,8954.211428571429,33.84093779877576
2019-11-24,93800130.68895379,8524.772857142858,28.95082368204107
2019-12-01,90677285.60590795,7448.567142857142,30.870128277959434
2019-12-08,94781298.84351012,7417.765000000001,28.86388668163291
2019-12-15,93446264.21635814,7388.772857142857,22.681605720000253
2019-12-22,91636276.20802534,7156.250714285714,21.642331311224734
2019-12-29,97783900.05358064,7184.447142857142,20.90491468795943
2020-01-05,101402337.70853959,7236.319285714284,15.14880275571453
2020-01-12,107202820.5002444,7438.647142857141,16.808037407551264
2020-01-19,105643513.6411117,8093.042142857141,23.72033070918392
2020-01-26,109792614.26388505,8707.747142857143,21.151917952857396
2020-02-02,110533978.08876577,8808.731428571427,17.12089681857168
2020-02-09,113456448.3565329,9322.17857142857,20.70765224306147
2020-02-16,109337877.11672753,9783.11642857143,26.40063502897984
2020-02-23,111440089.38805941,10017.414285714287,29.916960213061476
2020-03-01,110408849.49513298,9524.720714285717,24.06561126449004
2020-03-08,119877988.6719989,8719.334285714287,22.97665038571454
2020-03-15,118634336.97937807,8642.677142857145,25.741309682653313
2020-03-22,99799988.0321775,5915.793571428572,52.64897357163291
2020-03-29,97240483.15333524,6201.323571428571,55.4480086773472
2020-04-05,104989801.55573513,6401.604285714285,36.20809426387782
2020-04-12,106105770.23623249,6779.143571428572,22.915952472041088
2020-04-19,114987535.53610718,7002.397857142857,19.739206905102314
2020-04-26,112344897.68325403,7076.455714285714,23.178783043061493
2020-05-03,113216514.46699287,7560.064285714283,35.35956774510231
2020-05-10,119560515.92381969,8634.21571428571,69.85004638632681
2020-05-17,115840529.36644617,9273.248571428565,86.38568908510231
2020-05-24,92750321.01465957,9448.895714285707,135.24154681795946
2020-05-31,92882000.95950735,9055.294285714279,130.0940627783676
2020-06-07,103761615.31082678,9421.145714285707,81.02775393510231
2020-06-14,114079812.8953984,9715.33928571428,52.67529561469414
2020-06-21,108223317.96108674,9466.799999999994,33.03371625428597
2020-06-28,110861798.94428022,9441.51285714285,38.51269978612271
2020-07-05,117867051.3745865,9239.784285714282,35.740016633265576
2020-07-12,124477377.63799104,9179.469285714282,42.24701504795947
2020-07-19,119645313.02676661,9249.638571428568,44.910055026326795
2020-07-26,113943058.68242149,9203.514285714282,75.47176188510231
2020-08-02,125176400.85534397,9862.229285714284,121.609935151837
2020-08-09,122214716.0233792,11331.832857142857,142.36633360612274
2020-08-16,125980808.57047507,11680.7,118.48860029836763
2020-08-23,123363117.03448935,11882.308571428572,105.52334520244928
2020-08-30,121005499.78249606,11734.07857142857,104.77713886204113
2020-09-06,122817197.05918725,11463.344285714284,95.69686902244929
2020-09-13,131581842.75315082,10474.151428571427,111.85678078653095
2020-09-20,137347966.3056256,10459.05714285714,80.16457342326564
2020-09-27,136871882.74366367,10769.320714285706,64.44535057714319
2020-10-04,136888072.01371592,10661.345714285704,67.17761558530644
2020-10-11,138520000.61368924,10721.544999999991,89.31592821204114
2020-10-18,144034012.33583727,11186.407142857135,86.13150230102076
2020-10-25,140257471.190626,11585.372142857132,67.8951439204085
2020-11-01,121986953.74455723,12942.887857142849,123.61011648653098
2020-11-08,115741699.90234643,13972.760714285705,224.08246495510238
2020-11-15,126728589.87125707,15188.394285714274,179.949696684082
2020-11-22,128083025.86155802,16247.731428571416,92.97985659551058
2020-11-29,137834303.2850171,18221.822857142848,72.66402489265344
2020-12-06,132876298.81962132,18543.903571428564,84.32777982959217
2020-12-13,137948518.46795613,19054.999999999993,91.75773341653094
2020-12-20,133162314.82523862,18918.107857142848,69.70334655387786
2020-12-27,134309200.2197986,22678.94499999999,123.4064940848983
2021-01-03,140158680.55505314,26396.407142857133,104.80467121040843
2021-01-10,149387454.0462804,31215.834285714274,98.36246376102065
2021-01-17,150486971.14555597,37280.49214285714,122.53509136346966
2021-01-24,147294131.76620328,35890.79714285713,114.10580708632679
2021-01-31,149140546.7637493,32805.53214285713,89.39628058469414
2021-02-07,147729743.5378494,33520.53142857142,115.6593511038778
2021-02-14,159829460.56929186,38988.09571428571,141.84155295795944
2021-02-21,153749130.73099697,48102.69142857142,151.67517870530634
2021-02-28,152841449.39578843,52619.56428571428,144.10963031408187
2021-03-07,155507414.88265678,47572.83285714284,135.06647383244922
2021-03-14,154926828.67894,50021.25928571429,105.01172136326554
2021-03-21,156314413.44098547,57531.360000000015,106.498184446939
2021-03-28,164531669.40147227,56029.02285714286,95.73792458714308
2021-04-04,164904748.39027494,55286.294285714284,79.5956249177553
2021-04-11,163504074.19804618,57985.328571428574,89.18932313285735
2021-04-18,167068079.9349679,59740.30357142858,97.22718344632673
2021-04-25,143836879.98180497,57751.224285714285,179.3749245375512
2021-05-02,161102931.86268154,52143.97857142859,203.7917606326532
2021-05-09,167733026.42797005,55435.93285714288,123.6566278016328
2021-05-16,178719738.46997762,56062.78000000001,94.1350751114287
2021-05-23,152683718.71433204,45490.852142857155,78.304511357143
2021-05-30,147273716.47730657,37778.69571428572,95.55167307183684
2021-06-06,151434219.52633157,36854.84571428572,61.700895752449085
2021-06-13,142893096.27529377,36301.36571428573,38.72360328142867
2021-06-20,127104887.26714157,37663.759285714295,35.397438730816425
2021-06-27,107438013.15359342,35339.05571428572,35.20412055734703
2021-07-04,90522542.04443076,33591.36214285715,44.86906598714295
2021-07-11,92341598.95938629,34376.73714285715,53.988480678979684
2021-07-18,97860258.07734561,33229.27928571429,29.05129421081642
2021-07-25,99339154.93317963,31412.111428571432,19.448777107142945
2021-08-01,102484277.30616099,34065.5192857143,15.081581431836824
2021-08-08,110462346.61119205,40174.5692857143,13.638926561224581
2021-08-15,113039958.82116553,43902.51,12.795031313673562
2021-08-22,120921930.17512046,46094.705714285716,13.955484844285808
2021-08-29,126783477.18898124,47716.43428571429,13.616041520816415
2021-09-05,126296356.02539113,48510.56857142857,12.486864337551113
2021-09-12,134817410.7544159,49162.454999999994,15.016035903265399
2021-09-19,135613291.5168814,45791.33428571427,14.006744706938864
2021-09-26,139007716.529765,46232.81714285714,13.783195376122539
2021-10-03,137382635.4130959,42716.03571428571,12.375116707551113
2021-10-10,145177434.55037874,48507.356428571424,14.11616956387765
2021-10-17,143953931.02118438,55207.92,17.726588687959282
2021-10-24,145400866.39017165,59969.411428571446,16.221147817142953
2021-10-31,156947730.13954973,61638.28428571431,14.55089292204091
2021-11-07,159587129.15208173,61335.60785714288,13.345485285510293
2021-11-14,160119462.62869972,63542.11714285716,14.954149081428659
2021-11-21,163893677.51113296,64244.40571428573,13.84461895367356
2021-11-28,158362892.13415268,58885.4092857143,12.249580279387848
2021-12-05,160132579.5949285,56543.64642857143,12.575220507347032
2021-12-12,180504950.22444588,52470.9157142857,15.499782887755192
2021-12-19,172891984.6731807,48829.07142857141,11.484478846734785
2021-12-26,172423411.34444147,47600.32714285713,10.553652111632744
2022-01-02,173522963.93173438,49320.341428571424,11.656022101836827
2022-01-09,178402087.71337157,46741.079999999994,13.70391288836744
2022-01-16,177153374.8697793,43293.64428571427,12.087354976938867
2022-01-23,195732630.7046435,42625.97071428569,9.289641045102135
2022-01-30,191978539.56898642,37571.86071428568,10.283564417755198
2022-02-06,194881874.36876577,37872.44857142853,11.91328679081642
2022-02-13,187919822.08176494,40509.46071428567,13.034658478367438
2022-02-20,209551834.77444604,42930.77071428567,13.721100828979688
2022-02-27,195059969.29416558,39517.369999999944,8.974628775714383
2022-03-06,194437049.22912914,39901.788571428515,10.645600771632745
2022-03-13,193051270.779456,40603.20571428565,14.64579801755111
2022-03-20,203896599.22611076,39285.89428571421,10.004270289796011
2022-03-27,207621271.2598702,41850.14999999992,9.52338974142866
2022-04-03,201972862.24490002,45315.53142857134,10.711460286734788
2022-04-10,201491324.74110496,46108.28785714276,12.619603969591935
2022-04-17,204316741.4297644,42419.60142857132,10.199274318163365
2022-04-24,204996211.23233056,40478.07214285702,8.856536346326632
2022-05-01,223151676.63397452,39871.381428571294,9.794295666326631
2022-05-08,225258496.02903846,38838.97999999986,11.07516699142867
2022-05-15,222932081.35687423,34472.419999999845,15.880770539591937
2022-05-22,217268165.84785944,29927.54071428556,22.21728084551031
2022-05-29,206058024.37013593,29504.014285714133,16.408304583469484
2022-06-05,213650055.06942925,29628.63071428556,15.101112328571523
2022-06-12,218476197.5581728,30378.541428571276,14.242032992653156
2022-06-19,213331910.0789334,25765.235714285558,14.970366473877647
2022-06-26,199225068.13131642,20591.38714285699,19.35312562285724
2022-07-03,211281431.65407136,20812.38714285699,15.085548875510302
2022-07-10,212060959.77729446,19925.76571428556,15.73339933142867
2022-07-17,201420559.39822504,20688.97428571413,19.394572411632755
2022-07-24,193156789.3485668,21362.98571428555,21.742766495306228
2022-07-31,202019070.04012325,22474.949999999837,18.262932296122553
2022-08-07,199772262.0531986,23044.886428571263,13.903320088367451
2022-08-14,205814215.09316596,23362.92571428555,16.10925787163276
2022-08-21,197680503.21816245,24152.367142856983,14.772503013265412
2022-08-28,214523570.2443269,22272.250714285547,11.716761637142962
2022-09-04,220336874.2928039,20413.85571428555,10.425724829796023
2022-09-11,226557717.0832348,19854.638571428404,13.977776555102142
2022-09-18,227909608.2395609,20861.144285714116,14.417547637142956
2022-09-25,228702994.5754434,20009.624285714115,15.199616156530713
2022-10-02,230232175.2639357,19131.430714285554,13.561833534489901
2022-10-09,252914160.9053728,19547.646428571272,12.84665870244908
2022-10-16,262255135.39905593,19530.124285714126,9.393584577959285
2022-10-23,264037223.28607535,19236.672857142694,11.672492330000098
2022-10-30,258975143.8630603,19531.331428571262,13.088320015714379
2022-11-06,269696596.3493472,20546.64428571412,16.316710104693975
2022-11-13,271032857.1749895,20409.518571428405,17.4160464532654
2022-11-20,264853343.7571069,17498.83357142841,23.382238802857234
2022-11-27,255200965.28299075,16515.91857142841,30.045026267755187
2022-12-04,244165728.70415324,16552.359999999837,24.962387796326617
2022-12-11,257239076.82300544,17042.52714285698,22.68876843673478
2022-12-18,259406277.40646538,17204.37714285698,15.060680074081715
2022-12-25,242073829.2834856,16960.644285714123,16.014581746734773
2023-01-01,237575365.650239,16781.88785714269,17.717709994693955
2023-01-08,264405031.1669105,16607.298571428404,15.462360116734773
2023-01-15,267455878.47284514,16995.09999999983,11.681497471224572
2023-01-22,272940839.6001383,19933.205714285545,13.12523219285723
2023-01-29,278025685.36621654,22446.40571428554,15.111294742857226
2023-02-05,280747934.8790267,23133.131428571254,14.15674532816335
2023-02-12,274838507.4155515,23272.407142856966,19.461312593877636
2023-02-19,304064904.6030983,22374.137142856962,23.121870966938868
2023-02-26,304491713.50471884,24140.443571428394,22.83508928938785
2023-03-05,305670928.22058815,23527.124285714108,19.531188130612342
2023-03-12,321949966.89374983,22778.563571428393,24.160952320000092
2023-03-19,325166403.2899296,22232.494999999828,31.950074729387836
2023-03-26,333576747.71288323,27043.64071428554,33.92644855551028
2023-04-02,349616995.90244436,27578.112857142685,30.911462338367425
2023-04-09,338841226.79256606,28076.052857142684,28.63050839510212
2023-04-16,343831550.43220776,28630.40071428554,26.619008369796003
2023-04-23,350649546.9218217,29708.979285714115,22.810681637959274
2023-04-30,335159298.2415374,27937.928571428394,22.311609303673567
2023-05-07,343736004.5581229,28784.608571428398,56.333384827551114
2023-05-14,341494970.1800265,28454.109999999833,231.76193726346946
2023-05-21,366394898.6457106,27072.797857142687,209.02368057224496
2023-05-28,355736219.95228237,27010.764285714115,91.96176048326531
2023-06-04,369552729.2776954,27003.04285714269,75.43124547938773
2023-06-11,368069264.66665006,27016.28214285697,66.91945179897955
2023-06-18,385535134.25955707,26065.53357142841,57.55560252938772
2023-06-25,368419038.6309715,26435.922857142694,39.10295446448976
2023-07-02,356718061.70580626,29664.59071428555,36.28199831693876
2023-07-09,369219180.6084698,30514.821428571267,29.064326196938758
2023-07-16,384236539.9039326,30432.252857142692,18.45334222448978
2023-07-23,381699875.58489335,30391.8028571427,18.283231905714274
2023-07-30,368335903.26699114,29782.592857142696,23.047207903877542
2023-08-06,374156123.71105826,29293.782857142698,19.592515170816316
2023-08-13,382315577.0971483,29271.657142856988,21.455865322244893
2023-08-20,403678843.1736723,29382.64999999984,21.270293318163258
2023-08-27,400440729.5660705,27067.489999999838,18.003336475102028
2023-09-03,370261940.771376,26293.95642857127,17.417013024897948
2023-09-10,392115320.5488056,26125.25357142841,23.391489191836715
2023-09-17,393774544.8476787,25804.04857142842,32.47330131510203
2023-09-24,421433550.23888415,26438.28642857127,35.99833792367345
2023-10-01,411481816.7467866,26600.328571428414,41.67541700040814
2023-10-08,429545262.6259437,27290.9528571427,26.616515118367325
2023-10-15,446959351.0513548,27721.195714285557,26.737152812244883
2023-10-22,441051147.7458047,27369.57285714271,20.08657541061222
2023-10-29,449660156.3148216,30627.793571428425,21.016688463673443
2023-11-05,461231511.5251804,34463.337142856995,23.557548949795894
2023-11-12,452453934.1324495,35102.78714285699,63.4914756853061
2023-11-19,461470530.1278243,36461.38499999984,140.9225883940816
2023-11-26,496746861.0217161,36808.67071428556,211.45473523938765
2023-12-03,482137395.40480113,37528.68071428556,116.41576185224483
2023-12-10,494182411.584665,39970.245714285564,115.7411422204081
2023-12-17,481906171.9965607,42967.137857142705,179.85705284816316
2023-12-24,516925293.47395647,42190.86999999985,369.6449360857142
2023-12-31,518911861.0485184,43225.85642857128,287.5766021685713
2024-01-07,520042217.2428075,43099.931428571275,227.7815185595917
2024-01-14,512615770.3312937,44473.339999999844,135.5537463171428
2024-01-21,506295515.02921957,43610.785714285565,118.43603253020403
2024-01-28,529474924.67781967,41133.27214285701,88.43644214816324
2024-02-04,546998699.7970188,41741.13857142843,62.38815761673468
2024-02-11,573811387.7582405,42993.8614285713,71.24882836551019
2024-02-18,576478018.736187,47517.61714285701,55.109149883469385
2024-02-25,559017772.4170375,51645.3364285713,36.668319132653046
2024-03-03,583851744.2649109,52683.74999999987,34.2114355420408
2024-03-10,577196348.8611294,61325.959285714154,60.50128636714286
2024-03-17,612908424.9396932,68927.167142857,50.86928834183673
2024-03-24,600671658.6295357,67647.60928571415,36.32678887367346
2024-03-31,586018735.9008158,66915.67714285702,31.932507184285704
2024-04-07,592859690.0062771,69265.79785714272,27.504741074285704
2024-04-14,625183355.3413725,68808.89928571417,29.307538604897953
2024-04-21,633995979.1350439,65410.794999999904,98.45433417244898
2024-04-28,639515626.3898393,64544.90857142848,316.5304017230612
2024-05-05,620711361.2910167,63686.565714285614,173.08179048040822
2024-05-12,587192344.947187,62372.78857142848,46.469238726122526
2024-05-19,585481668.283576,62699.408571428496,29.775006822244986
2024-05-26,605827665.9665693,67615.15857142849,21.55570012673478
2024-06-02,629740516.7851506,68728.56714285706,24.079029155102123
2024-06-09,583703721.4235657,68621.95499999993,41.53042436938784
2024-06-16,580931910.921782,69069.1835714285,106.94359061755112
2024-06-23,593916558.3077871,66492.1599999999,50.500568341632764
2024-06-30,563685634.1583979,63973.61714285705,26.222581048775623
2024-07-07,563556882.863084,61019.89285714277,17.581056756122567
2024-07-14,585668598.3539667,57750.81857142848,15.144344040204203
2024-07-21,604049789.3330997,60424.1399999999,14.03453558510216
2024-07-28,636267900.1226892,65540.25071428562,12.040172710612367
2024-08-04,636609478.8894446,66824.30999999988,10.438886331020528
2024-08-11,619416615.1694875,59767.70999999989,8.886076984285838
2024-08-18,622590682.3052443,59603.198571428475,7.962375976938896
2024-08-25,640733036.7367263,59092.727857142745,10.154015395510328
2024-09-01,631775377.6867099,61854.28142857132,21.4454704481634
2024-09-08,668495821.8987983,58093.76571428561,7.717424185918493
2024-09-15,647069570.4216756,55970.17999999989,7.578621586734819
2024-09-22,622834298.0397563,58830.51571428561,7.1942557893878805
2024-09-29,635506260.4684913,62820.22428571418,7.541646900000125
2024-10-06,651815170.0263205,63739.76999999991,8.355431453673596
2024-10-13,679804647.1560799,61816.545714285625,11.996420815714412
2024-10-20,661826320.2857354,63080.19142857134,27.071579663673592
2024-10-27,729582820.2957804,67804.0442857142,28.942131878367466
2024-11-03,743961127.3524497,68808.12785714278,23.038197096530727
2024-11-10,710488349.7368287,69611.13714285706,14.293087488367462
2024-11-17,720251999.4631145,77694.0292857142,11.797442632040928
2024-11-24,758011926.6154553,90942.7178571428,22.20718440428583
2024-12-01,732216100.2096539,95925.96214285708,16.24053347489808
2024-12-08,742090867.7091497,96376.33571428564,14.676635101836855
2024-12-15,754123377.7024457,98435.40142857135,15.27762538510216
2024-12-22,780720996.4816215,101401.65571428562,14.525562069183792
2024-12-29,778376710.7599182,97384.19214285706,12.05823279612257
2025-01-05,788468393.0213293,94839.8885714285,7.295158710000119
2025-01-12,792477424.5810809,96641.35214285707,6.097743301836856
2025-01-19,781737702.9126823,96123.3907142856,6.665093517755222
2025-01-26,772997211.7569387,102503.99785714278,7.744625284694
2025-02-02,777188657.8831193,103311.74999999993,6.467238188775632
2025-02-09,820528410.2370844,101346.65214285708,5.057667252653182
2025-02-16,806615757.4470422,97086.59285714281,4.933736877959305
2025-02-23,803863697.2578474,96675.96928571422,4.789332727551143
2025-03-02,767532760.5449593,94877.57714285709,7.806708499387879
2025-03-09,799331619.7521873,87776.20642857134,7.529198065306245
2025-03-16,823812808.1809986,84799.24142857136,5.210903086530735
2025-03-23,807974190.3524908,83667.69142857136,5.167864897428695
